Pod_Name,1554062100.36,1554062105.36,1554062110.36,1554062115.36,1554062120.36,1554062125.36,1554062130.36,1554062135.36,1554062140.36,1554062145.36,1554062150.36,1554062155.36,1554062160.36,1554062165.36,1554062170.36,1554062175.36,1554062180.36,1554062185.36,1554062190.36,1554062195.36,1554062200.36,1554062205.36,1554062210.36,1554062215.36,1554062220.36,1554062225.36,1554062230.36,1554062235.36,1554062240.36,1554062245.36,1554062250.36,1554062255.36,1554062260.36,1554062265.36,1554062270.36,1554062275.36,1554062280.36,1554062285.36,1554062290.36,1554062295.36,1554062300.36,1554062305.36,1554062310.36,1554062315.36,1554062320.36,1554062325.36,1554062330.36,1554062335.36,1554062340.36,1554062345.36,1554062350.36,1554062355.36,1554062360.36,1554062365.36,1554062370.36,1554062375.36,1554062380.36,1554062385.36,1554062390.36,1554062395.36,1554062400.36
cart-db44db4b9-q54pf,171924605,171924605,171924605,171924605,171924605,171924605,171924659,171924659,171924797,171924797,171924797,171924797,171924797,171924797,172284123,172284123,172284123,172284123,172415207,172415207,172447748,172447748,172447748,172447748,172484688,172484688,172484688,173212919,173212919,173212919,173430242,173430242,173430242,173525458,173525458,173525458,173600929,173600929,173600929,173600929,174040783,174040783,174040783,174040783,174172232,174172232,174272497,174272497,174272497,174379813,174379813,174379813,174580019,174580019,174580019,174580019,174707077,174707077,174797319,174797319,174797319
catalogue-f4f7886b-t5drm,454730921,455562509,455562509,455562509,455562509,456801898,456801898,456801898,456884713,456884713,456884713,456890356,456890356,456890356,457385884,457385884,457385884,457501499,457501499,457501499,457536456,457536456,457536456,457579023,457579023,457754888,457754888,457969748,457969748,457969748,457969748,458110308,458110308,458110308,458243386,458243386,458243386,458460000,458460000,458460000,458460000,459177427,459177427,459177427,459429278,459429278,459636491,459636491,459636491,459766995,459766995,460180146,460180146,460180146,460484764,460484764,460652900,460652900,460652900,460652900,460652900
dispatch-566f964cbd-xrsjf,46277594,46277594,46277594,46278002,46278002,46278002,46278332,46278332,46278332,46278740,46278740,46278740,46279028,46279028,46279284,46279284,46279284,46279618,46279618,46279618,46279832,46279832,46279832,46280208,46280208,46280208,46280422,46280422,46280422,46280422,46280946,46280946,46281226,46281226,46281226,46281226,46281588,46281588,46281898,46281898,46281898,46282252,46282252,46282252,46282252,46282702,46282702,46282702,46283064,46283064,46283064,46283064,46283546,46283546,46283868,46283868,46283868,46283868,46284284,46284284,46284284
mongodb-6b45dd6dcc-rng5p,280125539,280125539,280125539,280562663,280562663,280562663,280648303,280648303,280648303,280661734,280661734,280661734,280678003,280678003,280678003,280678003,280867738,280867738,280867738,280896691,280896691,280896691,280896691,280920086,280920086,280993286,280993286,280993286,280993286,281093352,281093352,281093352,281139509,281139509,281139509,281188434,281188434,281188434,281188434,281369419,281369419,281369419,281455885,281455885,281455885,281455885,281554928,281554928,281605802,281605802,281605802,281734322,281734322,281734322,281824351,281824351,281824351,281898822,281898822,281947467,281947467
mysql-7dd8588fb5-qz6fv,97092710,97092710,97092710,97092710,97092710,97092710,97092710,97092710,97093160,97093160,97093160,97093160,97093160,97093160,97093160,97093160,97093160,97093160,97093160,97093160,97093160,97093160,97093160,97093160,97093160,97093160,97093160,97093160,97093160,97093160,97093160,97093160,97093160,97093160,97093160,97093160,97093160,97093160,97093160,97093160,97093160,97093160,97093160,97093160,97093160,97093160,97093160,97093160,97093160,97093160,97093160,97093160,97093160,97093160,97093160,97093160,97093160,97093160,97093160,97093160,97093160
payment-689b48b7d9-6785z,9994572,9994572,9994656,9994656,9994656,9994710,9994710,9994710,9994794,9994794,9994794,9994794,9994794,9994794,9994794,9994932,9994932,9994932,9994932,9994932,9994932,9994932,9995070,9995070,9995070,9995208,9995208,9995208,9995208,9995208,9995208,9995208,9995346,9995346,9995346,9995346,9995346,9995346,9995484,9995484,9995484,9995484,9995484,9995484,9995484,9995484,9995622,9995622,9995622,9995676,9995676,9995676,9995718,9995718,9995718,9995718,9995718,9995718,9995814,9995814,9995814
rabbitmq-b4c48cb79-cdmdl,38068436,38068890,38068890,38068890,38069204,38069204,38069484,38069484,38069484,38069484,38069798,38070144,38070144,,38070144,38070144,38070458,38070458,,,,38070920,,38071242,38071242,38071242,38071242,38071242,38071630,38071630,38071630,38071968,38071968,38071968,38072290,38072290,38072290,38072290,38072670,38072670,38072670,38072670,38073124,38073124,38073124,38073470,38073470,38073470,38073784,38073784,38073784,38073784,38074196,38074196,38074476,38074476,38074476,38074476,38074856,38074856,38074856
ratings-6bbf8c588d-7qkhh,,238163203,238163203,238163203,,238364792,,,238364792,,,238508283,,,,,,,,,,,,,,238979651,,,,,239218794,239218794,239218794,239218794,239319402,,,,,,239521771,,,239521771,,,239716707,239716707,,,239853224,,239853224,239853224,,,,240134581,240134581,240134581,240134581
redis-7fbd75b76d-krskv,51750244,51782000,51782000,51811634,51811634,51818198,51818198,51818198,51820748,51820748,51820748,51820918,51820918,51820918,51820918,51929028,51929028,51929028,51929028,51946728,51946728,51946728,51958417,51958417,52034692,52034692,52034692,52034692,52201586,52201586,52201586,52244349,52244349,52244349,52244349,52276194,52276194,52276194,52397256,52397256,52397256,52444866,52444866,52444866,52489574,52489574,52521993,52521993,52521993,52521993,52578892,52578892,52578892,52578892,52636639,52636639,52636639,52680266,52680266,52680266,52680266
shipping-bd5b4b46f-n984m,410091467,410091467,410091467,410091467,410091467,410091467,410091467,410091467,410091467,410091467,410091467,410091467,410091467,410091467,410091467,410091467,410091467,410091467,410091467,410091467,410091467,410091467,410091467,410091467,410091467,410091467,410154251,410154251,410154251,410243561,410243561,410243561,410328707,410328707,410370419,410370419,410370419,410440441,410440441,410440441,410520387,410520387,410520387,410587345,410587345,410587345,410650509,410650509,410650509,410713113,410713113,410713113,410713113,410777211,410777211,410807801,410807801,410807801,410833817,410833817,410833817
stream-478g7,,,,,,,,,,,,,0,0,0,648,648,648,648,648,648,648,648,648,648,648,648,,,,,,,,,,,,,,,,,,,,,,,,,,,,,,,,,,
stream-8b2r5,,648,648,648,,648,,,648,,,648,,,,,,,,,,,,,,648,,,,,648,648,648,648,648,,,,,,648,,,648,,,648,648,,,648,,648,648,,,,648,648,648,648
stream-8ht6d,,,,,,,,,,,,,,,,,,,,,,,,,,,,,,,,,,,,,,,,,0,0,0,648,648,648,648,648,648,648,648,648,648,648,648,648,648,648,648,648,648
stream-9mw5g,,648,648,648,,648,,,648,,,648,,,,,,,,,,,,,,648,,,,,648,648,648,648,648,,,,,,648,,,648,,,648,648,,,648,,648,648,,,,648,648,648,648
stream-f5pbs,648,648,648,648,648,648,648,648,648,648,648,648,648,648,648,648,648,648,648,648,648,648,648,648,648,648,648,648,648,648,648,648,648,648,648,648,648,648,648,648,648,648,648,648,648,648,648,648,648,648,648,648,648,648,648,648,648,648,648,648,648
stream-g6xmr,648,648,648,648,648,648,648,648,648,648,648,648,,,,,,,,,,,,,,,,,,,,,,,,,,,,,,,,,,,,,,,,,,,,,,,,,
stream-gcxbt,,,,,,,,,,0,0,648,648,,648,648,648,648,,,,648,,648,648,648,648,648,648,648,648,,,,,,,,,,,,,,,,,,,,,,,,,,,,,,
stream-h98sb,,648,648,648,,648,,,648,,,648,,,,,,,,,,,,,,648,,,,,648,648,648,648,648,,,,,,648,,,648,,,648,648,,,648,,648,648,,,,648,648,648,648
stream-khxcr,,,,,,,,,,,,,,,,,,,,,,,,,,,,0,0,0,0,648,648,648,648,648,648,648,648,,,,,,,,,,,,,,,,,,,,,,
stream-mgd4x,,,,,,,,,,,,,,,,,,,,,,,,,,,,,,,,0,0,0,648,648,648,648,648,648,648,648,648,648,648,648,648,648,648,648,,,,,,,,,,,
stream-ppf7z,,648,648,648,,648,,,648,,,648,,,,,,,,,,,,,,648,,,,,648,648,648,648,648,,,,,,648,,,648,,,648,648,,,648,,648,648,,,,648,648,648,648
stream-rhms7,648,648,648,648,648,648,648,648,648,648,648,648,648,,648,648,648,648,,,,648,,648,648,648,648,648,648,648,648,648,648,648,648,648,648,648,648,648,648,648,648,648,648,648,648,648,648,648,648,648,648,648,648,648,648,648,648,648,648
stream-ttdz9,648,648,648,648,648,648,648,648,648,,,,,,,,,,,,,,,,,,,,,,,,,,,,,,,,,,,,,,,,,,,,,,,,,,,,
stream-xdctl,,,,,,,,,,,,,,,,,,,,,,,,,,,0,0,0,0,648,648,648,648,648,648,648,648,648,648,648,648,648,648,648,648,648,648,648,648,648,648,648,648,648,648,648,648,648,648,648
stream-xhmb9,648,648,648,648,648,648,648,648,648,648,648,648,648,648,648,648,648,648,648,648,648,648,648,648,648,648,648,648,648,648,648,648,,,,,,,,,,,,,,,,,,,,,,,,,,,,,
stream-xhr5v,648,648,648,648,648,648,648,648,648,648,648,648,648,,648,648,648,648,,,,648,,648,648,,,,,,,,,,,,,,,,,,,,,,,,,,,,,,,,,,,,
stream-z6cx8,,,,,,,,,0,,,0,,,,,,,,,,,,,,648,,,,,648,648,648,648,648,,,,,,648,,,648,,,648,648,,,648,,648,648,,,,648,648,648,648
user-69d787d68b-l8rmg,190030560,190030560,190030560,190657344,190657344,190735205,190735205,190735205,190747368,190747368,190747368,190749940,190749940,190749940,190751095,190751095,190751837,190751837,190751837,190751837,190753471,190753471,190753471,190753471,190754955,190754955,190754955,190756110,190756110,190760034,190760034,190778184,190778184,190778184,190818496,190818496,190818496,190818496,190946249,190946249,191060020,191060020,191060020,191060020,191162763,191162763,191201979,191201979,191245977,191245977,191245977,191245977,191385554,191385554,191385554,191431094,191431094,191431094,191472711,191472711,191472711
web-6f7c94568-h49r4,550994293,550994293,553591774,553591774,553591774,554401231,554401231,554489581,554489581,554489581,554503540,554503540,554585345,554585345,554585345,555212831,555212831,555306744,555306744,555306744,555366234,555366234,555366234,555366234,555422900,555422900,555422900,556382624,556382624,556382624,556509674,556509674,556790889,556790889,556790889,556790889,557140679,557140679,557140679,558446079,558446079,558446079,558925397,558925397,558925397,559505431,559505431,559505431,559505431,559927755,559927755,559927755,560773740,560773740,561116190,561116190,561116190,561404344,561404344,561666912,561666912
